schema_name,table_name,index_name,is_unique,is_primary,index_definition,index_columns,partial_index_condition
public,admin_permissions,admin_permissions_key_key,yes,no,CREATE UNIQUE INDEX admin_permissions_key_key ON public.admin_permissions USING btree (key),"[""CREATE UNIQUE INDEX admin_permissions_key_key ON admin_permissions USING btree (key)""]",null
public,admin_permissions,admin_permissions_pkey,yes,yes,CREATE UNIQUE INDEX admin_permissions_pkey ON public.admin_permissions USING btree (id),"[""CREATE UNIQUE INDEX admin_permissions_pkey ON admin_permissions USING btree (id)""]",null
public,admin_profiles,admin_profiles_email_key,yes,no,CREATE UNIQUE INDEX admin_profiles_email_key ON public.admin_profiles USING btree (email),"[""CREATE UNIQUE INDEX admin_profiles_email_key ON admin_profiles USING btree (email)""]",null
public,admin_profiles,admin_profiles_pkey,yes,yes,CREATE UNIQUE INDEX admin_profiles_pkey ON public.admin_profiles USING btree (id),"[""CREATE UNIQUE INDEX admin_profiles_pkey ON admin_profiles USING btree (id)""]",null
public,admin_profiles,idx_admin_profiles_email,no,no,CREATE INDEX idx_admin_profiles_email ON public.admin_profiles USING btree (email),"[""CREATE INDEX idx_admin_profiles_email ON admin_profiles USING btree (email)""]",null
public,admin_role_permissions,admin_role_permissions_pkey,yes,yes,"CREATE UNIQUE INDEX admin_role_permissions_pkey ON public.admin_role_permissions USING btree (role_id, permission_id)","[""CREATE UNIQUE INDEX admin_role_permissions_pkey ON admin_role_permissions USING btree (role_id, permission_id)"",""role_id""]",null
public,admin_role_permissions,idx_admin_role_permissions_role_id,no,no,CREATE INDEX idx_admin_role_permissions_role_id ON public.admin_role_permissions USING btree (role_id),"[""CREATE INDEX idx_admin_role_permissions_role_id ON admin_role_permissions USING btree (role_id)""]",null
public,admin_roles,admin_roles_key_key,yes,no,CREATE UNIQUE INDEX admin_roles_key_key ON public.admin_roles USING btree (key),"[""CREATE UNIQUE INDEX admin_roles_key_key ON admin_roles USING btree (key)""]",null
public,admin_roles,admin_roles_pkey,yes,yes,CREATE UNIQUE INDEX admin_roles_pkey ON public.admin_roles USING btree (id),"[""CREATE UNIQUE INDEX admin_roles_pkey ON admin_roles USING btree (id)""]",null
public,admin_user_roles,admin_user_roles_pkey,yes,yes,"CREATE UNIQUE INDEX admin_user_roles_pkey ON public.admin_user_roles USING btree (user_id, role_id)","[""CREATE UNIQUE INDEX admin_user_roles_pkey ON admin_user_roles USING btree (user_id, role_id)"",""user_id""]",null
public,admin_user_roles,idx_admin_user_roles_user_id,no,no,CREATE INDEX idx_admin_user_roles_user_id ON public.admin_user_roles USING btree (user_id),"[""CREATE INDEX idx_admin_user_roles_user_id ON admin_user_roles USING btree (user_id)""]",null
public,board_members,board_members_pkey,yes,yes,CREATE UNIQUE INDEX board_members_pkey ON public.board_members USING btree (id),"[""CREATE UNIQUE INDEX board_members_pkey ON board_members USING btree (id)""]",null
public,board_members,idx_board_members_active,no,no,CREATE INDEX idx_board_members_active ON public.board_members USING btree (is_active),"[""CREATE INDEX idx_board_members_active ON board_members USING btree (is_active)""]",null
public,board_members,idx_board_members_admin_profile_id,no,no,CREATE INDEX idx_board_members_admin_profile_id ON public.board_members USING btree (admin_profile_id),"[""CREATE INDEX idx_board_members_admin_profile_id ON board_members USING btree (admin_profile_id)""]",null
public,board_members,idx_board_members_role_id,no,no,CREATE INDEX idx_board_members_role_id ON public.board_members USING btree (role_id),"[""CREATE INDEX idx_board_members_role_id ON board_members USING btree (role_id)""]",null
public,board_members,idx_board_members_sort,no,no,CREATE INDEX idx_board_members_sort ON public.board_members USING btree (sort_order),"[""CREATE INDEX idx_board_members_sort ON board_members USING btree (sort_order)""]",null
public,board_members,uq_board_members_admin_profile_id,yes,no,CREATE UNIQUE INDEX uq_board_members_admin_profile_id ON public.board_members USING btree (admin_profile_id) WHERE (admin_profile_id IS NOT NULL),"[""CREATE UNIQUE INDEX uq_board_members_admin_profile_id ON board_members USING btree (admin_profile_id) WHERE admin_profile_id IS NOT NULL""]",(admin_profile_id IS NOT NULL)
public,board_roles,board_roles_pkey,yes,yes,CREATE UNIQUE INDEX board_roles_pkey ON public.board_roles USING btree (id),"[""CREATE UNIQUE INDEX board_roles_pkey ON board_roles USING btree (id)""]",null
public,board_roles,board_roles_slug_key,yes,no,CREATE UNIQUE INDEX board_roles_slug_key ON public.board_roles USING btree (slug),"[""CREATE UNIQUE INDEX board_roles_slug_key ON board_roles USING btree (slug)""]",null
public,board_roles,idx_board_roles_active_sort,no,no,"CREATE INDEX idx_board_roles_active_sort ON public.board_roles USING btree (is_active, sort_order)","[""CREATE INDEX idx_board_roles_active_sort ON board_roles USING btree (is_active, sort_order)"",""is_active""]",null
public,club_closure_periods,club_closure_periods_pkey,yes,yes,CREATE UNIQUE INDEX club_closure_periods_pkey ON public.club_closure_periods USING btree (id),"[""CREATE UNIQUE INDEX club_closure_periods_pkey ON club_closure_periods USING btree (id)""]",null
public,club_closure_periods,idx_ccp_active_dates,no,no,"CREATE INDEX idx_ccp_active_dates ON public.club_closure_periods USING btree (is_active, starts_on, ends_on)","[""CREATE INDEX idx_ccp_active_dates ON club_closure_periods USING btree (is_active, starts_on, ends_on)"",""is_active"",""starts_on""]",null
public,club_closure_periods,idx_ccp_team_season,no,no,CREATE INDEX idx_ccp_team_season ON public.club_closure_periods USING btree (team_season_id),"[""CREATE INDEX idx_ccp_team_season ON club_closure_periods USING btree (team_season_id)""]",null
public,club_contacts,club_contacts_pkey,yes,yes,CREATE UNIQUE INDEX club_contacts_pkey ON public.club_contacts USING btree (id),"[""CREATE UNIQUE INDEX club_contacts_pkey ON club_contacts USING btree (id)""]",null
public,club_contacts,idx_club_contacts_category_sort,no,no,"CREATE INDEX idx_club_contacts_category_sort ON public.club_contacts USING btree (category, sort_order)","[""CREATE INDEX idx_club_contacts_category_sort ON club_contacts USING btree (category, sort_order)"",""category""]",null
public,club_contacts,idx_club_contacts_public_active_sort,no,no,"CREATE INDEX idx_club_contacts_public_active_sort ON public.club_contacts USING btree (is_public, is_active, sort_order)","[""CREATE INDEX idx_club_contacts_public_active_sort ON club_contacts USING btree (is_public, is_active, sort_order)"",""is_public"",""is_active""]",null
public,club_contacts,idx_club_contacts_role_key_unique,yes,no,CREATE UNIQUE INDEX idx_club_contacts_role_key_unique ON public.club_contacts USING btree (role_key),"[""CREATE UNIQUE INDEX idx_club_contacts_role_key_unique ON club_contacts USING btree (role_key)""]",null
public,club_history_images,club_history_images_pkey,yes,yes,CREATE UNIQUE INDEX club_history_images_pkey ON public.club_history_images USING btree (id),"[""CREATE UNIQUE INDEX club_history_images_pkey ON club_history_images USING btree (id)""]",null
public,club_history_images,idx_club_history_images_page,no,no,"CREATE INDEX idx_club_history_images_page ON public.club_history_images USING btree (club_history_page_id, is_active, sort_order)","[""CREATE INDEX idx_club_history_images_page ON club_history_images USING btree (club_history_page_id, is_active, sort_order)"",""club_history_page_id"",""is_active""]",null
public,club_history_milestones,club_history_milestones_pkey,yes,yes,CREATE UNIQUE INDEX club_history_milestones_pkey ON public.club_history_milestones USING btree (id),"[""CREATE UNIQUE INDEX club_history_milestones_pkey ON club_history_milestones USING btree (id)""]",null
public,club_history_milestones,idx_club_history_milestones_page,no,no,"CREATE INDEX idx_club_history_milestones_page ON public.club_history_milestones USING btree (club_history_page_id, is_active, milestone_year, sort_order)","[""CREATE INDEX idx_club_history_milestones_page ON club_history_milestones USING btree (club_history_page_id, is_active, milestone_year, sort_order)"",""club_history_page_id"",""is_active"",""milestone_year""]",null
public,club_history_pages,club_history_pages_page_key_key,yes,no,CREATE UNIQUE INDEX club_history_pages_page_key_key ON public.club_history_pages USING btree (page_key),"[""CREATE UNIQUE INDEX club_history_pages_page_key_key ON club_history_pages USING btree (page_key)""]",null
public,club_history_pages,club_history_pages_pkey,yes,yes,CREATE UNIQUE INDEX club_history_pages_pkey ON public.club_history_pages USING btree (id),"[""CREATE UNIQUE INDEX club_history_pages_pkey ON club_history_pages USING btree (id)""]",null
public,club_history_pages,idx_club_history_pages_public,no,no,"CREATE INDEX idx_club_history_pages_public ON public.club_history_pages USING btree (is_active, is_published, published_at, sort_order)","[""CREATE INDEX idx_club_history_pages_public ON club_history_pages USING btree (is_active, is_published, published_at, sort_order)"",""is_active"",""is_published"",""published_at""]",null
public,club_settings,club_settings_pkey,yes,yes,CREATE UNIQUE INDEX club_settings_pkey ON public.club_settings USING btree (id),"[""CREATE UNIQUE INDEX club_settings_pkey ON club_settings USING btree (id)""]",null
public,club_settings,club_settings_singleton_key,yes,no,CREATE UNIQUE INDEX club_settings_singleton_key ON public.club_settings USING btree (singleton),"[""CREATE UNIQUE INDEX club_settings_singleton_key ON club_settings USING btree (singleton)""]",null
public,coach_team_seasons,coach_team_seasons_coach_id_team_season_id_key,yes,no,"CREATE UNIQUE INDEX coach_team_seasons_coach_id_team_season_id_key ON public.coach_team_seasons USING btree (coach_id, team_season_id)","[""CREATE UNIQUE INDEX coach_team_seasons_coach_id_team_season_id_key ON coach_team_seasons USING btree (coach_id, team_season_id)"",""coach_id""]",null
public,coach_team_seasons,coach_team_seasons_coach_team_unique,yes,no,"CREATE UNIQUE INDEX coach_team_seasons_coach_team_unique ON public.coach_team_seasons USING btree (coach_id, team_season_id)","[""CREATE UNIQUE INDEX coach_team_seasons_coach_team_unique ON coach_team_seasons USING btree (coach_id, team_season_id)"",""coach_id""]",null
public,coach_team_seasons,coach_team_seasons_pkey,yes,yes,CREATE UNIQUE INDEX coach_team_seasons_pkey ON public.coach_team_seasons USING btree (id),"[""CREATE UNIQUE INDEX coach_team_seasons_pkey ON coach_team_seasons USING btree (id)""]",null
public,coaches,coaches_pkey,yes,yes,CREATE UNIQUE INDEX coaches_pkey ON public.coaches USING btree (id),"[""CREATE UNIQUE INDEX coaches_pkey ON coaches USING btree (id)""]",null
public,coaches,idx_coaches_admin_profile_id,no,no,CREATE INDEX idx_coaches_admin_profile_id ON public.coaches USING btree (admin_profile_id),"[""CREATE INDEX idx_coaches_admin_profile_id ON coaches USING btree (admin_profile_id)""]",null
public,coaches,uq_coaches_admin_profile_id,yes,no,CREATE UNIQUE INDEX uq_coaches_admin_profile_id ON public.coaches USING btree (admin_profile_id) WHERE (admin_profile_id IS NOT NULL),"[""CREATE UNIQUE INDEX uq_coaches_admin_profile_id ON coaches USING btree (admin_profile_id) WHERE admin_profile_id IS NOT NULL""]",(admin_profile_id IS NOT NULL)
public,departments,departments_pkey,yes,yes,CREATE UNIQUE INDEX departments_pkey ON public.departments USING btree (id),"[""CREATE UNIQUE INDEX departments_pkey ON departments USING btree (id)""]",null
public,departments,departments_slug_key,yes,no,CREATE UNIQUE INDEX departments_slug_key ON public.departments USING btree (slug),"[""CREATE UNIQUE INDEX departments_slug_key ON departments USING btree (slug)""]",null
public,event_documents,event_documents_event_id_idx,no,no,CREATE INDEX event_documents_event_id_idx ON public.event_documents USING btree (event_id),"[""CREATE INDEX event_documents_event_id_idx ON event_documents USING btree (event_id)""]",null
public,event_documents,event_documents_file_path_unique_idx,yes,no,CREATE UNIQUE INDEX event_documents_file_path_unique_idx ON public.event_documents USING btree (file_path),"[""CREATE UNIQUE INDEX event_documents_file_path_unique_idx ON event_documents USING btree (file_path)""]",null
public,event_documents,event_documents_pkey,yes,yes,CREATE UNIQUE INDEX event_documents_pkey ON public.event_documents USING btree (id),"[""CREATE UNIQUE INDEX event_documents_pkey ON event_documents USING btree (id)""]",null
public,event_documents,event_documents_public_sort_idx,no,no,"CREATE INDEX event_documents_public_sort_idx ON public.event_documents USING btree (event_id, is_public, sort_order)","[""CREATE INDEX event_documents_public_sort_idx ON event_documents USING btree (event_id, is_public, sort_order)"",""event_id"",""is_public""]",null
public,events,events_pkey,yes,yes,CREATE UNIQUE INDEX events_pkey ON public.events USING btree (id),"[""CREATE UNIQUE INDEX events_pkey ON events USING btree (id)""]",null
public,events,idx_events_featured_starts_at,no,no,"CREATE INDEX idx_events_featured_starts_at ON public.events USING btree (is_featured, starts_at)","[""CREATE INDEX idx_events_featured_starts_at ON events USING btree (is_featured, starts_at)"",""is_featured""]",null
public,events,idx_events_public_upcoming,no,no,CREATE INDEX idx_events_public_upcoming ON public.events USING btree (starts_at) WHERE (is_published = true),"[""CREATE INDEX idx_events_public_upcoming ON events USING btree (starts_at) WHERE is_published = true""]",(is_published = true)
public,events,idx_events_published_starts_at,no,no,"CREATE INDEX idx_events_published_starts_at ON public.events USING btree (is_published, starts_at)","[""CREATE INDEX idx_events_published_starts_at ON events USING btree (is_published, starts_at)"",""is_published""]",null
public,events,idx_events_slug_unique,yes,no,CREATE UNIQUE INDEX idx_events_slug_unique ON public.events USING btree (slug),"[""CREATE UNIQUE INDEX idx_events_slug_unique ON events USING btree (slug)""]",null
public,events,idx_events_starts_at,no,no,CREATE INDEX idx_events_starts_at ON public.events USING btree (starts_at),"[""CREATE INDEX idx_events_starts_at ON events USING btree (starts_at)""]",null
public,events,idx_events_team_starts_at,no,no,"CREATE INDEX idx_events_team_starts_at ON public.events USING btree (team_id, starts_at)","[""CREATE INDEX idx_events_team_starts_at ON events USING btree (team_id, starts_at)"",""team_id""]",null
public,events,idx_events_type_starts_at,no,no,"CREATE INDEX idx_events_type_starts_at ON public.events USING btree (event_type, starts_at)","[""CREATE INDEX idx_events_type_starts_at ON events USING btree (event_type, starts_at)"",""event_type""]",null
public,membership_request_recipients,idx_membership_request_recipients_active_sort,no,no,"CREATE INDEX idx_membership_request_recipients_active_sort ON public.membership_request_recipients USING btree (is_active, sort_order)","[""CREATE INDEX idx_membership_request_recipients_active_sort ON membership_request_recipients USING btree (is_active, sort_order)"",""is_active""]",null
public,membership_request_recipients,idx_membership_request_recipients_email_type_unique,yes,no,"CREATE UNIQUE INDEX idx_membership_request_recipients_email_type_unique ON public.membership_request_recipients USING btree (email, COALESCE(request_type, ''::text))","[""CREATE UNIQUE INDEX idx_membership_request_recipients_email_type_unique ON membership_request_recipients USING btree (email, COALESCE(request_type, ''::text))"",""email""]",null
public,membership_request_recipients,membership_request_recipients_pkey,yes,yes,CREATE UNIQUE INDEX membership_request_recipients_pkey ON public.membership_request_recipients USING btree (id),"[""CREATE UNIQUE INDEX membership_request_recipients_pkey ON membership_request_recipients USING btree (id)""]",null
public,membership_requests,idx_membership_requests_desired_team_id,no,no,CREATE INDEX idx_membership_requests_desired_team_id ON public.membership_requests USING btree (desired_team_id),"[""CREATE INDEX idx_membership_requests_desired_team_id ON membership_requests USING btree (desired_team_id)""]",null
public,membership_requests,idx_membership_requests_request_type,no,no,CREATE INDEX idx_membership_requests_request_type ON public.membership_requests USING btree (request_type),"[""CREATE INDEX idx_membership_requests_request_type ON membership_requests USING btree (request_type)""]",null
public,membership_requests,idx_membership_requests_status_created_at,no,no,"CREATE INDEX idx_membership_requests_status_created_at ON public.membership_requests USING btree (status, created_at DESC)","[""CREATE INDEX idx_membership_requests_status_created_at ON membership_requests USING btree (status, created_at DESC)"",""status""]",null
public,membership_requests,membership_requests_pkey,yes,yes,CREATE UNIQUE INDEX membership_requests_pkey ON public.membership_requests USING btree (id),"[""CREATE UNIQUE INDEX membership_requests_pkey ON membership_requests USING btree (id)""]",null
public,news,idx_news_football_team_id,no,no,CREATE INDEX idx_news_football_team_id ON public.news USING btree (football_team_id),"[""CREATE INDEX idx_news_football_team_id ON news USING btree (football_team_id)""]",null
public,news,news_pkey,yes,yes,CREATE UNIQUE INDEX news_pkey ON public.news USING btree (id),"[""CREATE UNIQUE INDEX news_pkey ON news USING btree (id)""]",null
public,news,news_slug_key,yes,no,CREATE UNIQUE INDEX news_slug_key ON public.news USING btree (slug),"[""CREATE UNIQUE INDEX news_slug_key ON news USING btree (slug)""]",null
public,news_documents,news_documents_news_id_idx,no,no,CREATE INDEX news_documents_news_id_idx ON public.news_documents USING btree (news_id),"[""CREATE INDEX news_documents_news_id_idx ON news_documents USING btree (news_id)""]",null
public,news_documents,news_documents_pkey,yes,yes,CREATE UNIQUE INDEX news_documents_pkey ON public.news_documents USING btree (id),"[""CREATE UNIQUE INDEX news_documents_pkey ON news_documents USING btree (id)""]",null
public,news_documents,news_documents_public_sort_idx,no,no,"CREATE INDEX news_documents_public_sort_idx ON public.news_documents USING btree (news_id, is_public, sort_order)","[""CREATE INDEX news_documents_public_sort_idx ON news_documents USING btree (news_id, is_public, sort_order)"",""news_id"",""is_public""]",null
public,pages,idx_pages_footer_sort,no,no,"CREATE INDEX idx_pages_footer_sort ON public.pages USING btree (show_in_footer, sort_order)","[""CREATE INDEX idx_pages_footer_sort ON pages USING btree (show_in_footer, sort_order)"",""show_in_footer""]",null
public,pages,idx_pages_published_sort,no,no,"CREATE INDEX idx_pages_published_sort ON public.pages USING btree (is_published, sort_order)","[""CREATE INDEX idx_pages_published_sort ON pages USING btree (is_published, sort_order)"",""is_published""]",null
public,pages,pages_pkey,yes,yes,CREATE UNIQUE INDEX pages_pkey ON public.pages USING btree (id),"[""CREATE UNIQUE INDEX pages_pkey ON pages USING btree (id)""]",null
public,pages,pages_slug_key,yes,no,CREATE UNIQUE INDEX pages_slug_key ON public.pages USING btree (slug),"[""CREATE UNIQUE INDEX pages_slug_key ON pages USING btree (slug)""]",null
public,player_team_seasons,player_team_seasons_pkey,yes,yes,CREATE UNIQUE INDEX player_team_seasons_pkey ON public.player_team_seasons USING btree (id),"[""CREATE UNIQUE INDEX player_team_seasons_pkey ON player_team_seasons USING btree (id)""]",null
public,player_team_seasons,player_team_seasons_player_id_team_season_id_key,yes,no,"CREATE UNIQUE INDEX player_team_seasons_player_id_team_season_id_key ON public.player_team_seasons USING btree (player_id, team_season_id)","[""CREATE UNIQUE INDEX player_team_seasons_player_id_team_season_id_key ON player_team_seasons USING btree (player_id, team_season_id)"",""player_id""]",null
public,player_team_seasons,player_team_seasons_player_team_unique,yes,no,"CREATE UNIQUE INDEX player_team_seasons_player_team_unique ON public.player_team_seasons USING btree (player_id, team_season_id)","[""CREATE UNIQUE INDEX player_team_seasons_player_team_unique ON player_team_seasons USING btree (player_id, team_season_id)"",""player_id""]",null
public,players,idx_players_team,no,no,CREATE INDEX idx_players_team ON public.players USING btree (team_id),"[""CREATE INDEX idx_players_team ON players USING btree (team_id)""]",null
public,players,players_pkey,yes,yes,CREATE UNIQUE INDEX players_pkey ON public.players USING btree (id),"[""CREATE UNIQUE INDEX players_pkey ON players USING btree (id)""]",null
public,seasons,seasons_name_key,yes,no,CREATE UNIQUE INDEX seasons_name_key ON public.seasons USING btree (name),"[""CREATE UNIQUE INDEX seasons_name_key ON seasons USING btree (name)""]",null
public,seasons,seasons_pkey,yes,yes,CREATE UNIQUE INDEX seasons_pkey ON public.seasons USING btree (id),"[""CREATE UNIQUE INDEX seasons_pkey ON seasons USING btree (id)""]",null
public,seasons,seasons_slug_key,yes,no,CREATE UNIQUE INDEX seasons_slug_key ON public.seasons USING btree (slug),"[""CREATE UNIQUE INDEX seasons_slug_key ON seasons USING btree (slug)""]",null
public,sponsor_categories,idx_sponsor_categories_active_sort,no,no,"CREATE INDEX idx_sponsor_categories_active_sort ON public.sponsor_categories USING btree (is_active, sort_order)","[""CREATE INDEX idx_sponsor_categories_active_sort ON sponsor_categories USING btree (is_active, sort_order)"",""is_active""]",null
public,sponsor_categories,sponsor_categories_pkey,yes,yes,CREATE UNIQUE INDEX sponsor_categories_pkey ON public.sponsor_categories USING btree (id),"[""CREATE UNIQUE INDEX sponsor_categories_pkey ON sponsor_categories USING btree (id)""]",null
public,sponsor_categories,sponsor_categories_slug_key,yes,no,CREATE UNIQUE INDEX sponsor_categories_slug_key ON public.sponsor_categories USING btree (slug),"[""CREATE UNIQUE INDEX sponsor_categories_slug_key ON sponsor_categories USING btree (slug)""]",null
public,sponsors,idx_sponsors_active_sort,no,no,"CREATE INDEX idx_sponsors_active_sort ON public.sponsors USING btree (is_active, sort_order)","[""CREATE INDEX idx_sponsors_active_sort ON sponsors USING btree (is_active, sort_order)"",""is_active""]",null
public,sponsors,idx_sponsors_category_id,no,no,CREATE INDEX idx_sponsors_category_id ON public.sponsors USING btree (category_id),"[""CREATE INDEX idx_sponsors_category_id ON sponsors USING btree (category_id)""]",null
public,sponsors,sponsors_pkey,yes,yes,CREATE UNIQUE INDEX sponsors_pkey ON public.sponsors USING btree (id),"[""CREATE UNIQUE INDEX sponsors_pkey ON sponsors USING btree (id)""]",null
public,team_seasons,team_seasons_pkey,yes,yes,CREATE UNIQUE INDEX team_seasons_pkey ON public.team_seasons USING btree (id),"[""CREATE UNIQUE INDEX team_seasons_pkey ON team_seasons USING btree (id)""]",null
public,team_seasons,team_seasons_season_id_slug_key,yes,no,"CREATE UNIQUE INDEX team_seasons_season_id_slug_key ON public.team_seasons USING btree (season_id, slug)","[""CREATE UNIQUE INDEX team_seasons_season_id_slug_key ON team_seasons USING btree (season_id, slug)"",""season_id""]",null
public,team_seasons,team_seasons_season_id_slug_unique,yes,no,"CREATE UNIQUE INDEX team_seasons_season_id_slug_unique ON public.team_seasons USING btree (season_id, slug)","[""CREATE UNIQUE INDEX team_seasons_season_id_slug_unique ON team_seasons USING btree (season_id, slug)"",""season_id""]",null
public,team_seasons,team_seasons_team_id_season_id_key,yes,no,"CREATE UNIQUE INDEX team_seasons_team_id_season_id_key ON public.team_seasons USING btree (team_id, season_id)","[""CREATE UNIQUE INDEX team_seasons_team_id_season_id_key ON team_seasons USING btree (team_id, season_id)"",""team_id""]",null
public,team_seasons,team_seasons_team_id_season_id_unique,yes,no,"CREATE UNIQUE INDEX team_seasons_team_id_season_id_unique ON public.team_seasons USING btree (team_id, season_id)","[""CREATE UNIQUE INDEX team_seasons_team_id_season_id_unique ON team_seasons USING btree (team_id, season_id)"",""team_id""]",null
public,team_templates,team_templates_pkey,yes,yes,CREATE UNIQUE INDEX team_templates_pkey ON public.team_templates USING btree (id),"[""CREATE UNIQUE INDEX team_templates_pkey ON team_templates USING btree (id)""]",null
public,team_templates,team_templates_slug_key,yes,no,CREATE UNIQUE INDEX team_templates_slug_key ON public.team_templates USING btree (slug),"[""CREATE UNIQUE INDEX team_templates_slug_key ON team_templates USING btree (slug)""]",null
public,team_training_exceptions,idx_tte_date_active,no,no,"CREATE INDEX idx_tte_date_active ON public.team_training_exceptions USING btree (exception_date, is_active)","[""CREATE INDEX idx_tte_date_active ON team_training_exceptions USING btree (exception_date, is_active)"",""exception_date""]",null
public,team_training_exceptions,idx_tte_training_time_date_active,no,no,"CREATE INDEX idx_tte_training_time_date_active ON public.team_training_exceptions USING btree (team_training_time_id, exception_date, is_active)","[""CREATE INDEX idx_tte_training_time_date_active ON team_training_exceptions USING btree (team_training_time_id, exception_date, is_active)"",""team_training_time_id"",""exception_date""]",null
public,team_training_exceptions,team_training_exceptions_pkey,yes,yes,CREATE UNIQUE INDEX team_training_exceptions_pkey ON public.team_training_exceptions USING btree (id),"[""CREATE UNIQUE INDEX team_training_exceptions_pkey ON team_training_exceptions USING btree (id)""]",null
public,team_training_exceptions,team_training_exceptions_unique_date,yes,no,"CREATE UNIQUE INDEX team_training_exceptions_unique_date ON public.team_training_exceptions USING btree (team_training_time_id, exception_date)","[""CREATE UNIQUE INDEX team_training_exceptions_unique_date ON team_training_exceptions USING btree (team_training_time_id, exception_date)"",""team_training_time_id""]",null
public,team_training_times,idx_ttt_active_sort,no,no,"CREATE INDEX idx_ttt_active_sort ON public.team_training_times USING btree (is_active, sort_order, start_time)","[""CREATE INDEX idx_ttt_active_sort ON team_training_times USING btree (is_active, sort_order, start_time)"",""is_active"",""sort_order""]",null
public,team_training_times,idx_ttt_effective_range,no,no,"CREATE INDEX idx_ttt_effective_range ON public.team_training_times USING btree (effective_from, effective_until)","[""CREATE INDEX idx_ttt_effective_range ON team_training_times USING btree (effective_from, effective_until)"",""effective_from""]",null
public,team_training_times,idx_ttt_team_season_active_weekday_start,no,no,"CREATE INDEX idx_ttt_team_season_active_weekday_start ON public.team_training_times USING btree (team_season_id, is_active, weekday, start_time)","[""CREATE INDEX idx_ttt_team_season_active_weekday_start ON team_training_times USING btree (team_season_id, is_active, weekday, start_time)"",""team_season_id"",""is_active"",""weekday""]",null
public,team_training_times,idx_ttt_training_type,no,no,CREATE INDEX idx_ttt_training_type ON public.team_training_times USING btree (training_type),"[""CREATE INDEX idx_ttt_training_type ON team_training_times USING btree (training_type)""]",null
public,team_training_times,team_training_times_pkey,yes,yes,CREATE UNIQUE INDEX team_training_times_pkey ON public.team_training_times USING btree (id),"[""CREATE UNIQUE INDEX team_training_times_pkey ON team_training_times USING btree (id)""]",null
public,team_training_times,ux_ttt_slot_with_effective_from,yes,no,"CREATE UNIQUE INDEX ux_ttt_slot_with_effective_from ON public.team_training_times USING btree (team_season_id, weekday, start_time, end_time, effective_from) WHERE (effective_from IS NOT NULL)","[""CREATE UNIQUE INDEX ux_ttt_slot_with_effective_from ON team_training_times USING btree (team_season_id, weekday, start_time, end_time, effective_from) WHERE effective_from IS NOT NULL"",""team_season_id"",""weekday"",""start_time"",""end_time""]",(effective_from IS NOT NULL)
public,team_training_times,ux_ttt_slot_without_effective_from,yes,no,"CREATE UNIQUE INDEX ux_ttt_slot_without_effective_from ON public.team_training_times USING btree (team_season_id, weekday, start_time, end_time) WHERE (effective_from IS NULL)","[""CREATE UNIQUE INDEX ux_ttt_slot_without_effective_from ON team_training_times USING btree (team_season_id, weekday, start_time, end_time) WHERE effective_from IS NULL"",""team_season_id"",""weekday"",""start_time""]",(effective_from IS NULL)
public,teams,teams_pkey,yes,yes,CREATE UNIQUE INDEX teams_pkey ON public.teams USING btree (id),"[""CREATE UNIQUE INDEX teams_pkey ON teams USING btree (id)""]",null
public,teams,teams_slug_key,yes,no,CREATE UNIQUE INDEX teams_slug_key ON public.teams USING btree (slug),"[""CREATE UNIQUE INDEX teams_slug_key ON teams USING btree (slug)""]",null